link,video_count,handle
https://www.tiktok.com/@joolieannie/video/7399736793119247662,53.3M,@joolieannie
https://www.tiktok.com/@joolieannie/video/7425705418330098990,11.9K,@joolieannie
https://www.tiktok.com/@joolieannie/video/7425646819679489323,52.7K,@joolieannie
https://www.tiktok.com/@joolieannie/video/7425306293633633579,107K,@joolieannie
https://www.tiktok.com/@joolieannie/video/7425288919949856043,335.5K,@joolieannie
https://www.tiktok.com/@joolieannie/video/7425252333770018090,118.5K,@joolieannie
https://www.tiktok.com/@joolieannie/video/7425240427030187306,65.1K,@joolieannie
https://www.tiktok.com/@joolieannie/video/7425002016633589034,72K,@joolieannie
https://www.tiktok.com/@joolieannie/video/7424994658423541034,616.1K,@joolieannie
https://www.tiktok.com/@joolieannie/video/7424650065811164459,90.2K,@joolieannie
https://www.tiktok.com/@joolieannie/video/7424628552361987370,156.9K,@joolieannie
https://www.tiktok.com/@joolieannie/video/7424561984114429230,54.3K,@joolieannie
https://www.tiktok.com/@joolieannie/video/7424373080694279467,41.8K,@joolieannie
https://www.tiktok.com/@joolieannie/video/7424354235707428139,169.2K,@joolieannie
https://www.tiktok.com/@joolieannie/video/7424349304954932522,451.6K,@joolieannie
https://www.tiktok.com/@joolieannie/video/7424316439764487467,325.2K,@joolieannie
https://www.tiktok.com/@joolieannie/video/7424160589607357738,119.5K,@joolieannie
https://www.tiktok.com/@joolieannie/video/7424151955284479278,281.2K,@joolieannie
https://www.tiktok.com/@joolieannie/video/7423744738735492398,279.8K,@joolieannie
https://www.tiktok.com/@joolieannie/video/7423742975655693610,79.4K,@joolieannie
https://www.tiktok.com/@joolieannie/video/7423595230882024746,57.2K,@joolieannie
https://www.tiktok.com/@joolieannie/video/7423571032583212330,102.3K,@joolieannie
https://www.tiktok.com/@joolieannie/video/7422804790607957291,74.7K,@joolieannie
https://www.tiktok.com/@joolieannie/video/7422364719358692654,138.2K,@joolieannie
https://www.tiktok.com/@joolieannie/video/7421588766357196075,174.6K,@joolieannie
https://www.tiktok.com/@joolieannie/video/7421135364103965994,188.8K,@joolieannie
https://www.tiktok.com/@joolieannie/video/7421030097001450795,590.2K,@joolieannie
https://www.tiktok.com/@joolieannie/video/7420867398833753390,456K,@joolieannie
https://www.tiktok.com/@joolieannie/video/7420856518972558635,93.7K,@joolieannie
https://www.tiktok.com/@joolieannie/video/7420825378249329963,113.8K,@joolieannie
https://www.tiktok.com/@joolieannie/video/7420575249541975342,106K,@joolieannie
https://www.tiktok.com/@joolieannie/video/7420225163632921899,225.4K,@joolieannie
https://www.tiktok.com/@joolieannie/video/7420183736291052843,85.4K,@joolieannie
https://www.tiktok.com/@joolieannie/video/7419894482767793454,196.1K,@joolieannie
https://www.tiktok.com/@joolieannie/video/7419749862993939758,196.7K,@joolieannie
https://www.tiktok.com/@joolieannie/video/7419713065119173931,1.1M,@joolieannie
https://www.tiktok.com/@joolieannie/video/7419511569723231534,271.1K,@joolieannie
https://www.tiktok.com/@joolieannie/video/7419504468540165422,142.4K,@joolieannie
https://www.tiktok.com/@joolieannie/video/7419499332510043434,137.3K,@joolieannie
https://www.tiktok.com/@joolieannie/video/7419497730285817130,180.4K,@joolieannie
https://www.tiktok.com/@joolieannie/video/7418124510207020334,381.1K,@joolieannie
https://www.tiktok.com/@joolieannie/video/7417638785623559470,178.6K,@joolieannie
https://www.tiktok.com/@joolieannie/video/7417506879485513006,578.8K,@joolieannie
https://www.tiktok.com/@joolieannie/video/7417399444242582826,199.2K,@joolieannie
https://www.tiktok.com/@joolieannie/video/7417397595275939114,447.9K,@joolieannie
https://www.tiktok.com/@joolieannie/video/7417387962268208426,331.8K,@joolieannie
https://www.tiktok.com/@joolieannie/video/7417379391098998058,289.8K,@joolieannie
https://www.tiktok.com/@joolieannie/video/7417182575963393326,138.3K,@joolieannie
https://www.tiktok.com/@joolieannie/video/7417135565574786346,203.9K,@joolieannie
https://www.tiktok.com/@joolieannie/video/7416846587751566634,616K,@joolieannie
https://www.tiktok.com/@joolieannie/video/7416833841668705579,1.1M,@joolieannie
https://www.tiktok.com/@joolieannie/video/7416816147330370859,615K,@joolieannie
https://www.tiktok.com/@joolieannie/video/7416716889847516459,509.9K,@joolieannie
https://www.tiktok.com/@joolieannie/video/7416705881221434670,604.5K,@joolieannie
https://www.tiktok.com/@joolieannie/video/7416566278154128686,688.6K,@joolieannie
https://www.tiktok.com/@joolieannie/video/7416563943914753322,2.9M,@joolieannie
https://www.tiktok.com/@joolieannie/video/7416557067294510378,228.8K,@joolieannie
https://www.tiktok.com/@joolieannie/video/7416532128571165994,188.8K,@joolieannie
https://www.tiktok.com/@joolieannie/video/7416531549652503854,214.7K,@joolieannie
https://www.tiktok.com/@joolieannie/video/7416517956915563818,125.1K,@joolieannie
https://www.tiktok.com/@joolieannie/video/7416471982125878570,1.3M,@joolieannie
https://www.tiktok.com/@joolieannie/video/7416449429353319722,121.1K,@joolieannie
https://www.tiktok.com/@joolieannie/video/7416198453346192683,81.2K,@joolieannie
https://www.tiktok.com/@joolieannie/video/7416198451496570154,323.3K,@joolieannie
https://www.tiktok.com/@joolieannie/video/7416047715655716142,116.1K,@joolieannie
https://www.tiktok.com/@joolieannie/video/7416038820488957226,225.2K,@joolieannie
https://www.tiktok.com/@joolieannie/video/7415681518594559274,256K,@joolieannie
https://www.tiktok.com/@joolieannie/video/7415625827829812523,89.5K,@joolieannie
https://www.tiktok.com/@joolieannie/video/7415621734939757867,147.6K,@joolieannie
https://www.tiktok.com/@joolieannie/video/7415422677076266282,138.1K,@joolieannie
https://www.tiktok.com/@joolieannie/video/7415354744757112107,214.4K,@joolieannie
https://www.tiktok.com/@joolieannie/video/7415266634086010154,445.4K,@joolieannie
https://www.tiktok.com/@joolieannie/video/7415115088186608938,200.5K,@joolieannie
https://www.tiktok.com/@joolieannie/video/7415095914127297835,108.2K,@joolieannie
https://www.tiktok.com/@joolieannie/video/7414981253138533675,249.1K,@joolieannie
https://www.tiktok.com/@joolieannie/video/7414934203105578283,160.4K,@joolieannie
https://www.tiktok.com/@joolieannie/video/7414756071228575019,369.3K,@joolieannie
https://www.tiktok.com/@joolieannie/video/7414500888930159914,184.7K,@joolieannie
https://www.tiktok.com/@joolieannie/video/7414256518775704874,455.6K,@joolieannie
https://www.tiktok.com/@joolieannie/video/7414244543375232299,864K,@joolieannie
https://www.tiktok.com/@joolieannie/video/7414118272003476778,3.7M,@joolieannie
https://www.tiktok.com/@joolieannie/video/7414110139994672426,767.8K,@joolieannie
https://www.tiktok.com/@joolieannie/video/7414102137468243243,208.9K,@joolieannie
https://www.tiktok.com/@joolieannie/video/7413940735369612587,497.1K,@joolieannie
https://www.tiktok.com/@joolieannie/video/7413928224020778282,5.7M,@joolieannie
https://www.tiktok.com/@joolieannie/video/7413927882189262123,212.6K,@joolieannie
https://www.tiktok.com/@joolieannie/video/7413896436317769002,3.7M,@joolieannie
https://www.tiktok.com/@joolieannie/video/7413886631624641835,1.1M,@joolieannie
https://www.tiktok.com/@joolieannie/video/7413220364886527275,852.6K,@joolieannie
https://www.tiktok.com/@joolieannie/video/7413219040618908974,175.9K,@joolieannie
https://www.tiktok.com/@joolieannie/video/7413212225218923819,139.1K,@joolieannie
https://www.tiktok.com/@joolieannie/video/7413190010448383275,161.3K,@joolieannie
https://www.tiktok.com/@joolieannie/video/7413180887870852394,1.2M,@joolieannie
https://www.tiktok.com/@joolieannie/video/7413170108870315306,6.5M,@joolieannie
https://www.tiktok.com/@joolieannie/video/7413013624958029098,184.5K,@joolieannie
https://www.tiktok.com/@joolieannie/video/7412814281395293483,140.2K,@joolieannie
https://www.tiktok.com/@joolieannie/video/7412769184070995246,3.4M,@joolieannie
https://www.tiktok.com/@joolieannie/video/7412720739029241131,240.3K,@joolieannie
https://www.tiktok.com/@joolieannie/video/7412651930884869418,276.6K,@joolieannie
https://www.tiktok.com/@joolieannie/video/7412117117899689259,229.2K,@joolieannie
https://www.tiktok.com/@joolieannie/video/7412043470996737326,274.5K,@joolieannie
https://www.tiktok.com/@joolieannie/video/7411944356363423019,300.7K,@joolieannie
https://www.tiktok.com/@joolieannie/video/7411929764778233130,382.3K,@joolieannie
https://www.tiktok.com/@joolieannie/video/7411639925440826667,142.2K,@joolieannie
https://www.tiktok.com/@joolieannie/video/7411612555593993514,179.3K,@joolieannie
https://www.tiktok.com/@joolieannie/video/7411606407587515694,3.9M,@joolieannie
https://www.tiktok.com/@joolieannie/video/7411557270728838442,135.9K,@joolieannie
https://www.tiktok.com/@joolieannie/video/7411386498102086954,208.6K,@joolieannie
https://www.tiktok.com/@joolieannie/video/7411384336647261483,258.2K,@joolieannie
https://www.tiktok.com/@joolieannie/video/7411295782701141291,31.9M,@joolieannie
https://www.tiktok.com/@joolieannie/video/7411250151982959915,112.8K,@joolieannie
https://www.tiktok.com/@joolieannie/video/7411161044279659822,711.8K,@joolieannie
https://www.tiktok.com/@joolieannie/video/7410905600197971242,436.4K,@joolieannie
https://www.tiktok.com/@joolieannie/video/7410890233035623723,361K,@joolieannie
https://www.tiktok.com/@joolieannie/video/7410889912196681002,121.3K,@joolieannie
https://www.tiktok.com/@joolieannie/video/7410883082783378730,93K,@joolieannie
https://www.tiktok.com/@joolieannie/video/7410875783838780715,193.8K,@joolieannie
https://www.tiktok.com/@joolieannie/video/7410829955568799019,95.9K,@joolieannie
https://www.tiktok.com/@joolieannie/video/7410811153632513326,546.5K,@joolieannie
https://www.tiktok.com/@joolieannie/video/7410619978216525099,934.6K,@joolieannie
https://www.tiktok.com/@joolieannie/video/7410564904811367722,891.5K,@joolieannie
https://www.tiktok.com/@joolieannie/video/7410554532939205930,548.4K,@joolieannie
https://www.tiktok.com/@joolieannie/video/7410508663028305195,315.8K,@joolieannie
https://www.tiktok.com/@joolieannie/video/7410475467339287850,870.7K,@joolieannie
https://www.tiktok.com/@joolieannie/video/7410411651805023530,223K,@joolieannie
https://www.tiktok.com/@joolieannie/video/7410213829612817706,374.8K,@joolieannie
https://www.tiktok.com/@joolieannie/video/7410154919065439530,390.8K,@joolieannie
https://www.tiktok.com/@joolieannie/video/7410134682274106667,143K,@joolieannie
https://www.tiktok.com/@joolieannie/video/7410104778400845102,178.4K,@joolieannie
https://www.tiktok.com/@joolieannie/video/7409887089279503659,197K,@joolieannie
https://www.tiktok.com/@joolieannie/video/7409881239433317675,328K,@joolieannie
https://www.tiktok.com/@joolieannie/video/7409872671317626158,661.7K,@joolieannie
https://www.tiktok.com/@joolieannie/video/7409712032573934894,958.7K,@joolieannie
https://www.tiktok.com/@joolieannie/video/7409711690948054318,282.1K,@joolieannie
https://www.tiktok.com/@joolieannie/video/7409704400370912554,890.6K,@joolieannie
https://www.tiktok.com/@joolieannie/video/7409703776916917547,278.7K,@joolieannie
https://www.tiktok.com/@joolieannie/video/7409681199142047018,249.6K,@joolieannie
https://www.tiktok.com/@joolieannie/video/7409515157421870379,272.9K,@joolieannie
https://www.tiktok.com/@joolieannie/video/7409508492400233774,1.3M,@joolieannie
https://www.tiktok.com/@joolieannie/video/7409504993000033582,188.1K,@joolieannie
https://www.tiktok.com/@joolieannie/video/7409446503351209259,326.9K,@joolieannie
https://www.tiktok.com/@joolieannie/video/7409422821870341419,229.5K,@joolieannie
https://www.tiktok.com/@joolieannie/video/7409420616673201454,348.4K,@joolieannie
https://www.tiktok.com/@joolieannie/video/7409418944240520490,407.1K,@joolieannie
https://www.tiktok.com/@joolieannie/video/7409418720461720875,214.6K,@joolieannie
https://www.tiktok.com/@joolieannie/video/7409340956291452202,606.1K,@joolieannie
https://www.tiktok.com/@joolieannie/video/7409118467221245227,205.6K,@joolieannie
https://www.tiktok.com/@joolieannie/video/7409034903439904043,203.5K,@joolieannie
https://www.tiktok.com/@joolieannie/video/7408818031872281899,268.4K,@joolieannie
https://www.tiktok.com/@joolieannie/video/7408814230830402858,1.2M,@joolieannie
https://www.tiktok.com/@joolieannie/video/7408731262627761450,2.1M,@joolieannie
https://www.tiktok.com/@joolieannie/video/7408672649464876334,1.7M,@joolieannie
https://www.tiktok.com/@joolieannie/video/7408641427569265963,170.6K,@joolieannie
https://www.tiktok.com/@joolieannie/video/7408243394071350570,366.1K,@joolieannie
https://www.tiktok.com/@joolieannie/video/7408016194596293934,359.5K,@joolieannie
https://www.tiktok.com/@joolieannie/video/7407997808856517934,353.1K,@joolieannie
https://www.tiktok.com/@joolieannie/video/7407878100719045930,4.1M,@joolieannie
https://www.tiktok.com/@joolieannie/video/7407877350890802474,1M,@joolieannie
https://www.tiktok.com/@joolieannie/video/7407597693012397358,7.2M,@joolieannie
https://www.tiktok.com/@joolieannie/video/7407552600888937774,3.1M,@joolieannie
https://www.tiktok.com/@joolieannie/video/7407182960430026027,1.1M,@joolieannie
https://www.tiktok.com/@joolieannie/video/7407177822583754026,12.6M,@joolieannie
https://www.tiktok.com/@joolieannie/video/7406532523037150506,2.5M,@joolieannie
https://www.tiktok.com/@joolieannie/video/7406399537713220910,1.3M,@joolieannie
https://www.tiktok.com/@joolieannie/video/7406191913105313070,1.9M,@joolieannie
https://www.tiktok.com/@joolieannie/video/7406162306297629995,1.3M,@joolieannie
https://www.tiktok.com/@joolieannie/video/7406026592889097514,3M,@joolieannie
https://www.tiktok.com/@joolieannie/video/7405996576902090026,11.1M,@joolieannie
https://www.tiktok.com/@joolieannie/video/7405829142337359147,1M,@joolieannie
https://www.tiktok.com/@joolieannie/video/7405736035109391658,1.1M,@joolieannie
https://www.tiktok.com/@joolieannie/video/7405733947977551147,3.9M,@joolieannie
https://www.tiktok.com/@joolieannie/video/7405663948181196074,2.6M,@joolieannie
https://www.tiktok.com/@joolieannie/video/7405650137453727018,3.7M,@joolieannie
https://www.tiktok.com/@joolieannie/video/7405642445377064235,635.6K,@joolieannie
https://www.tiktok.com/@joolieannie/video/7405615164705213738,645.6K,@joolieannie
https://www.tiktok.com/@joolieannie/video/7405369896479083822,1.1M,@joolieannie
https://www.tiktok.com/@joolieannie/video/7405364063552802094,896K,@joolieannie
https://www.tiktok.com/@joolieannie/video/7405349644961598763,709.5K,@joolieannie
https://www.tiktok.com/@joolieannie/video/7405337707683286318,684.2K,@joolieannie
https://www.tiktok.com/@joolieannie/video/7405331486586572075,1.1M,@joolieannie
https://www.tiktok.com/@joolieannie/video/7405319244298210603,994.6K,@joolieannie
https://www.tiktok.com/@joolieannie/video/7405078785336593710,780.5K,@joolieannie
https://www.tiktok.com/@joolieannie/video/7405056282731744558,3.3M,@joolieannie
https://www.tiktok.com/@joolieannie/video/7405016462311623979,2.3M,@joolieannie
https://www.tiktok.com/@joolieannie/video/7404929915893681451,15.8M,@joolieannie
https://www.tiktok.com/@joolieannie/video/7404885268412566830,816.4K,@joolieannie
https://www.tiktok.com/@joolieannie/video/7404863953177726250,644.1K,@joolieannie
https://www.tiktok.com/@joolieannie/video/7404707909327883566,1.5M,@joolieannie
https://www.tiktok.com/@joolieannie/video/7404706900719193390,644.8K,@joolieannie
https://www.tiktok.com/@joolieannie/video/7404706545092726062,489.5K,@joolieannie
https://www.tiktok.com/@joolieannie/video/7404699373461982506,516.3K,@joolieannie
https://www.tiktok.com/@joolieannie/video/7404618617410555179,717.8K,@joolieannie
https://www.tiktok.com/@joolieannie/video/7404519657094335786,784.8K,@joolieannie
https://www.tiktok.com/@joolieannie/video/7404505770659695915,6.1M,@joolieannie
https://www.tiktok.com/@joolieannie/video/7404212128355306798,1.8M,@joolieannie
https://www.tiktok.com/@joolieannie/video/7404169268344130862,1.5M,@joolieannie
https://www.tiktok.com/@joolieannie/video/7404168199299894574,1.1M,@joolieannie
https://www.tiktok.com/@joolieannie/video/7404166976928517418,848.8K,@joolieannie
https://www.tiktok.com/@joolieannie/video/7404163873298828586,704.5K,@joolieannie
https://www.tiktok.com/@joolieannie/video/7404042154890349866,1.9M,@joolieannie
https://www.tiktok.com/@joolieannie/video/7404034643877481770,695.1K,@joolieannie
https://www.tiktok.com/@joolieannie/video/7403971285790756139,618K,@joolieannie
https://www.tiktok.com/@joolieannie/video/7403953112211311918,3.3M,@joolieannie
https://www.tiktok.com/@joolieannie/video/7403952017476947243,528.1K,@joolieannie
https://www.tiktok.com/@joolieannie/video/7403933224142916906,10M,@joolieannie
https://www.tiktok.com/@joolieannie/video/7403843451420216618,625.7K,@joolieannie
https://www.tiktok.com/@joolieannie/video/7403660061286878510,943.3K,@joolieannie
https://www.tiktok.com/@joolieannie/video/7403605854177594666,4.9M,@joolieannie
https://www.tiktok.com/@joolieannie/video/7403433117106687275,1.3M,@joolieannie
https://www.tiktok.com/@joolieannie/video/7403391887870053674,1.2M,@joolieannie
https://www.tiktok.com/@joolieannie/video/7403341905897164078,933.1K,@joolieannie
https://www.tiktok.com/@joolieannie/video/7403305816683564334,750.9K,@joolieannie
https://www.tiktok.com/@joolieannie/video/7403226434342243627,883.9K,@joolieannie
https://www.tiktok.com/@joolieannie/video/7403208884774636843,1.5M,@joolieannie
https://www.tiktok.com/@joolieannie/video/7403131928460741930,798.1K,@joolieannie
https://www.tiktok.com/@joolieannie/video/7403073716613172522,388.4K,@joolieannie
https://www.tiktok.com/@joolieannie/video/7403055771774176554,2.1M,@joolieannie
https://www.tiktok.com/@joolieannie/video/7403054618143526190,913.6K,@joolieannie
https://www.tiktok.com/@joolieannie/video/7403033550347423019,1.5M,@joolieannie
https://www.tiktok.com/@joolieannie/video/7403030199413001514,723.7K,@joolieannie
https://www.tiktok.com/@joolieannie/video/7403023396071640362,1.1M,@joolieannie
https://www.tiktok.com/@joolieannie/video/7403022937965563178,539.9K,@joolieannie
https://www.tiktok.com/@joolieannie/video/7402953694976724266,597.9K,@joolieannie
https://www.tiktok.com/@joolieannie/video/7402850149396925738,4.2M,@joolieannie
https://www.tiktok.com/@joolieannie/video/7402802307668118827,886.6K,@joolieannie
https://www.tiktok.com/@joolieannie/video/7402800532479331626,929.7K,@joolieannie
https://www.tiktok.com/@joolieannie/video/7402762283727752491,575.7K,@joolieannie
https://www.tiktok.com/@joolieannie/video/7402761920861752618,642.5K,@joolieannie
https://www.tiktok.com/@joolieannie/video/7402760684616060206,1.2M,@joolieannie
https://www.tiktok.com/@joolieannie/video/7402696537312169262,2.5M,@joolieannie
https://www.tiktok.com/@joolieannie/video/7402685044353010975,4M,@joolieannie
https://www.tiktok.com/@joolieannie/video/7402617197463457055,3.3M,@joolieannie
https://www.tiktok.com/@joolieannie/video/7402588405172817182,1.1M,@joolieannie
https://www.tiktok.com/@joolieannie/video/7402445356782456107,609.7K,@joolieannie
https://www.tiktok.com/@joolieannie/video/7402436506968739115,645.1K,@joolieannie
https://www.tiktok.com/@joolieannie/video/7402422507694755114,540.5K,@joolieannie
https://www.tiktok.com/@joolieannie/video/7402416445969239338,15.2M,@joolieannie
https://www.tiktok.com/@joolieannie/video/7402356660523633963,6.7M,@joolieannie
https://www.tiktok.com/@joolieannie/video/7402329514249932074,2.5M,@joolieannie
https://www.tiktok.com/@joolieannie/video/7402312892424408362,3.6M,@joolieannie
https://www.tiktok.com/@joolieannie/video/7402180526624345386,821.4K,@joolieannie
https://www.tiktok.com/@joolieannie/video/7402163405823495466,491.5K,@joolieannie
https://www.tiktok.com/@joolieannie/video/7401950919606226219,5.8M,@joolieannie
https://www.tiktok.com/@joolieannie/video/7401939483773521195,490.4K,@joolieannie
https://www.tiktok.com/@joolieannie/video/7401937005904465198,5.5M,@joolieannie
https://www.tiktok.com/@joolieannie/video/7401928102709955882,2.7M,@joolieannie
https://www.tiktok.com/@joolieannie/video/7401926637576588590,1.7M,@joolieannie
https://www.tiktok.com/@joolieannie/video/7401902589408824618,511.8K,@joolieannie
https://www.tiktok.com/@joolieannie/video/7401896098597539115,1.5M,@joolieannie
https://www.tiktok.com/@joolieannie/video/7401895792237202731,2.5M,@joolieannie
https://www.tiktok.com/@joolieannie/video/7401776673290521898,403.9K,@joolieannie
https://www.tiktok.com/@joolieannie/video/7401760165420223787,499.4K,@joolieannie
https://www.tiktok.com/@joolieannie/video/7401741498972327214,905K,@joolieannie
https://www.tiktok.com/@joolieannie/video/7401740345349852459,269K,@joolieannie
https://www.tiktok.com/@joolieannie/video/7401738051627535658,269.7K,@joolieannie
https://www.tiktok.com/@joolieannie/video/7401674961963732266,1.5M,@joolieannie
https://www.tiktok.com/@joolieannie/video/7401667907564064046,278.1K,@joolieannie
https://www.tiktok.com/@joolieannie/video/7401666079023516971,264.3K,@joolieannie
https://www.tiktok.com/@joolieannie/video/7401663647056923946,385.2K,@joolieannie
https://www.tiktok.com/@joolieannie/video/7401659503776697643,5.6M,@joolieannie
https://www.tiktok.com/@joolieannie/video/7401657897798651178,300.1K,@joolieannie
https://www.tiktok.com/@joolieannie/video/7401645524325076267,3.4M,@joolieannie
https://www.tiktok.com/@joolieannie/video/7401643076428647723,267.1K,@joolieannie
https://www.tiktok.com/@joolieannie/video/7401642467696659758,1.8M,@joolieannie
https://www.tiktok.com/@joolieannie/video/7401640641983188270,2.1M,@joolieannie
https://www.tiktok.com/@joolieannie/video/7401638827606936875,416K,@joolieannie
https://www.tiktok.com/@joolieannie/video/7401595994250562862,201.5K,@joolieannie
https://www.tiktok.com/@joolieannie/video/7401595477680049451,809.3K,@joolieannie
https://www.tiktok.com/@joolieannie/video/7401588613445733675,5.3M,@joolieannie
https://www.tiktok.com/@joolieannie/video/7401570180318678318,236.2K,@joolieannie
https://www.tiktok.com/@joolieannie/video/7401564554624290091,1.6M,@joolieannie
https://www.tiktok.com/@joolieannie/video/7401496864987548971,938.1K,@joolieannie
https://www.tiktok.com/@joolieannie/video/7401358252593761578,270K,@joolieannie
https://www.tiktok.com/@joolieannie/video/7401347030032878890,2M,@joolieannie
https://www.tiktok.com/@joolieannie/video/7401335194982173994,483.3K,@joolieannie
https://www.tiktok.com/@joolieannie/video/7401316394710846766,11.6M,@joolieannie
https://www.tiktok.com/@joolieannie/video/7401316245376601387,1.1M,@joolieannie
https://www.tiktok.com/@joolieannie/video/7401314345554136363,6.7M,@joolieannie
https://www.tiktok.com/@joolieannie/video/7401124517872962858,3.3M,@joolieannie
https://www.tiktok.com/@joolieannie/video/7401022180995255594,284.6K,@joolieannie
https://www.tiktok.com/@joolieannie/video/7401021260001529130,2.9M,@joolieannie
https://www.tiktok.com/@joolieannie/video/7400981897179876650,8M,@joolieannie
https://www.tiktok.com/@joolieannie/video/7400948514567523630,2.2M,@joolieannie
https://www.tiktok.com/@joolieannie/video/7400890234143067434,956.4K,@joolieannie
https://www.tiktok.com/@joolieannie/video/7400845551878556970,4.5M,@joolieannie
https://www.tiktok.com/@joolieannie/video/7400593260692933934,824.8K,@joolieannie
https://www.tiktok.com/@joolieannie/video/7400582432359042346,1M,@joolieannie
https://www.tiktok.com/@joolieannie/video/7400572427547331882,10.6M,@joolieannie
https://www.tiktok.com/@joolieannie/video/7400471914814295342,1.1M,@joolieannie
https://www.tiktok.com/@joolieannie/video/7400404820890324266,1.6M,@joolieannie
https://www.tiktok.com/@joolieannie/video/7400148968350436651,27.2M,@joolieannie
https://www.tiktok.com/@joolieannie/video/7399222350643776810,2M,@joolieannie
https://www.tiktok.com/@joolieannie/video/7398612571818888494,9.7M,@joolieannie
https://www.tiktok.com/@joolieannie/video/7398612391111560490,594.6K,@joolieannie
https://www.tiktok.com/@joolieannie/video/7398584793518083371,1.4M,@joolieannie
https://www.tiktok.com/@joolieannie/video/7398252324013067566,382.1K,@joolieannie
https://www.tiktok.com/@joolieannie/video/7398196104635960619,563.2K,@joolieannie
https://www.tiktok.com/@joolieannie/video/7398159107271871790,227.8K,@joolieannie
https://www.tiktok.com/@joolieannie/video/7397611854907837739,202.8K,@joolieannie
https://www.tiktok.com/@joolieannie/video/7395719538152590634,195.4K,@joolieannie
https://www.tiktok.com/@joolieannie/video/7393938860469734699,178.9K,@joolieannie
https://www.tiktok.com/@joolieannie/video/7393682943014849838,453K,@joolieannie
https://www.tiktok.com/@joolieannie/video/7393570627254504750,171.4K,@joolieannie
https://www.tiktok.com/@joolieannie/video/7393564238050118954,284.1K,@joolieannie
https://www.tiktok.com/@joolieannie/video/7393527105495010603,184.5K,@joolieannie
https://www.tiktok.com/@joolieannie/video/7393505772111531307,252.1K,@joolieannie
https://www.tiktok.com/@joolieannie/video/7393484889246518570,1.4M,@joolieannie
https://www.tiktok.com/@joolieannie/video/7393483862157823275,178.8K,@joolieannie
https://www.tiktok.com/@joolieannie/video/7393445496192339243,112.1K,@joolieannie
https://www.tiktok.com/@joolieannie/video/7393368943001357610,128.4K,@joolieannie
https://www.tiktok.com/@joolieannie/video/7393171540101188907,578.1K,@joolieannie
https://www.tiktok.com/@joolieannie/video/7393167013415275818,258.8K,@joolieannie
https://www.tiktok.com/@joolieannie/video/7393161869265063210,1.1M,@joolieannie
https://www.tiktok.com/@joolieannie/video/7393155367485721898,4.9M,@joolieannie
https://www.tiktok.com/@joolieannie/video/7393127833649876266,74.4K,@joolieannie
https://www.tiktok.com/@joolieannie/video/7392786598057774379,76.4K,@joolieannie
https://www.tiktok.com/@joolieannie/video/7392087238865095979,281.5K,@joolieannie
https://www.tiktok.com/@joolieannie/video/7392007756032576810,160.1K,@joolieannie
https://www.tiktok.com/@joolieannie/video/7391998063587364138,178.5K,@joolieannie
https://www.tiktok.com/@joolieannie/video/7391676726402911534,465.5K,@joolieannie
https://www.tiktok.com/@joolieannie/video/7391571055476854058,161.3K,@joolieannie
https://www.tiktok.com/@joolieannie/video/7391559392312724778,139.7K,@joolieannie
https://www.tiktok.com/@joolieannie/video/7391559387132726571,2.4M,@joolieannie
https://www.tiktok.com/@joolieannie/video/7391225685374815530,72.1K,@joolieannie
https://www.tiktok.com/@joolieannie/video/7391179210913615147,65.5K,@joolieannie
https://www.tiktok.com/@joolieannie/video/7391024776770227499,1.5M,@joolieannie
https://www.tiktok.com/@joolieannie/video/7390497393004858670,337.9K,@joolieannie
https://www.tiktok.com/@joolieannie/video/7390474119587876138,58.4K,@joolieannie
https://www.tiktok.com/@joolieannie/video/7390435045850320174,2M,@joolieannie
https://www.tiktok.com/@joolieannie/video/7390112649847082286,46.7K,@joolieannie
https://www.tiktok.com/@joolieannie/video/7390099276518542635,42.9K,@joolieannie
https://www.tiktok.com/@joolieannie/video/7390087745219071275,43.8K,@joolieannie
https://www.tiktok.com/@joolieannie/video/7389759770728647978,68.6K,@joolieannie
https://www.tiktok.com/@joolieannie/video/7389733183350197550,91K,@joolieannie
https://www.tiktok.com/@joolieannie/video/7389719056166767915,61.4K,@joolieannie
https://www.tiktok.com/@joolieannie/video/7389717578408643882,55.4K,@joolieannie
https://www.tiktok.com/@joolieannie/video/7389446914007223594,39.7K,@joolieannie
https://www.tiktok.com/@joolieannie/video/7389400036569943342,406.9K,@joolieannie
https://www.tiktok.com/@joolieannie/video/7389378481857236270,558.6K,@joolieannie
https://www.tiktok.com/@joolieannie/video/7389106273339313450,160.4K,@joolieannie
https://www.tiktok.com/@joolieannie/video/7389089741930581291,118.1K,@joolieannie
https://www.tiktok.com/@joolieannie/video/7388775951066336558,140.3K,@joolieannie
https://www.tiktok.com/@joolieannie/video/7388698382937689386,93.1K,@joolieannie
https://www.tiktok.com/@joolieannie/video/7388560973717671210,1.5M,@joolieannie
https://www.tiktok.com/@joolieannie/video/7388314126298205482,150.2K,@joolieannie
https://www.tiktok.com/@joolieannie/video/7388270510188006698,42K,@joolieannie
https://www.tiktok.com/@joolieannie/video/7388230259533106478,26.4K,@joolieannie
https://www.tiktok.com/@joolieannie/video/7388222707520851242,62.7K,@joolieannie
https://www.tiktok.com/@joolieannie/video/7388214833767894315,22.1K,@joolieannie
https://www.tiktok.com/@joolieannie/video/7388208241496362286,23.1K,@joolieannie
https://www.tiktok.com/@joolieannie/video/7388036995840347434,28.6K,@joolieannie
https://www.tiktok.com/@joolieannie/video/7388035092540591406,22.3K,@joolieannie
https://www.tiktok.com/@joolieannie/video/7388003000985357611,80.6K,@joolieannie
https://www.tiktok.com/@joolieannie/video/7387908817998155050,48.6K,@joolieannie
https://www.tiktok.com/@joolieannie/video/7387907958933376298,21.6K,@joolieannie
https://www.tiktok.com/@joolieannie/video/7387903144996474155,18.8K,@joolieannie
https://www.tiktok.com/@joolieannie/video/7387899555196652846,503.7K,@joolieannie
https://www.tiktok.com/@joolieannie/video/7387895090217307434,120.5K,@joolieannie
https://www.tiktok.com/@joolieannie/video/7387893861294607658,20.8K,@joolieannie
https://www.tiktok.com/@joolieannie/video/7387891905306103083,109.8K,@joolieannie
https://www.tiktok.com/@joolieannie/video/7387890956252581166,19K,@joolieannie
https://www.tiktok.com/@joolieannie/video/7387890298329779498,213.1K,@joolieannie
https://www.tiktok.com/@joolieannie/video/7387871236954672426,23.3K,@joolieannie
https://www.tiktok.com/@joolieannie/video/7387863620857810222,25.2K,@joolieannie
https://www.tiktok.com/@joolieannie/video/7387839700368821550,224.7K,@joolieannie
https://www.tiktok.com/@joolieannie/video/7387836397568232746,19K,@joolieannie
https://www.tiktok.com/@joolieannie/video/7387639094186249518,25.9K,@joolieannie
https://www.tiktok.com/@joolieannie/video/7387633155479506218,51.2K,@joolieannie
https://www.tiktok.com/@joolieannie/video/7387605732218195243,1.1M,@joolieannie
https://www.tiktok.com/@joolieannie/video/7387482518108523822,50.5K,@joolieannie
https://www.tiktok.com/@joolieannie/video/7387476862877863214,24.1K,@joolieannie
https://www.tiktok.com/@joolieannie/video/7387473722631867690,121.7K,@joolieannie
https://www.tiktok.com/@joolieannie/video/7387472081459465514,37.8K,@joolieannie
https://www.tiktok.com/@joolieannie/video/7387469465841339694,68.7K,@joolieannie
https://www.tiktok.com/@joolieannie/video/7387466720413306155,590.1K,@joolieannie
https://www.tiktok.com/@joolieannie/video/7387465641910930730,17K,@joolieannie
https://www.tiktok.com/@joolieannie/video/7387461829326310699,118.2K,@joolieannie
https://www.tiktok.com/@joolieannie/video/7387460862740729134,18.5K,@joolieannie
https://www.tiktok.com/@joolieannie/video/7387152711277415722,48.7K,@joolieannie
https://www.tiktok.com/@joolieannie/video/7387151491766816043,55.7K,@joolieannie
https://www.tiktok.com/@joolieannie/video/7387044277370522923,19.1K,@joolieannie
https://www.tiktok.com/@joolieannie/video/7387028867979971883,17.4K,@joolieannie
https://www.tiktok.com/@joolieannie/video/7386865154366967083,75.2K,@joolieannie
https://www.tiktok.com/@joolieannie/video/7386843745460784430,41.3K,@joolieannie
https://www.tiktok.com/@joolieannie/video/7386820939943529774,568.7K,@joolieannie
https://www.tiktok.com/@joolieannie/video/7386806745777179947,127.7K,@joolieannie
https://www.tiktok.com/@joolieannie/video/7386806751607328046,69.7K,@joolieannie
https://www.tiktok.com/@joolieannie/video/7386420813811174702,570.2K,@joolieannie
https://www.tiktok.com/@joolieannie/video/7386419780099706158,25K,@joolieannie
https://www.tiktok.com/@joolieannie/video/7386414766048185643,61.6K,@joolieannie
https://www.tiktok.com/@joolieannie/video/7386071699499781422,24.6K,@joolieannie
https://www.tiktok.com/@joolieannie/video/7386061380719267115,583.4K,@joolieannie
https://www.tiktok.com/@joolieannie/video/7385978610034887982,82.7K,@joolieannie
https://www.tiktok.com/@joolieannie/video/7385738513011985706,93.1K,@joolieannie
https://www.tiktok.com/@joolieannie/video/7385726813580070190,38.8K,@joolieannie
https://www.tiktok.com/@joolieannie/video/7385725874189897002,23.4K,@joolieannie
https://www.tiktok.com/@joolieannie/video/7385697480861633834,17.2K,@joolieannie
https://www.tiktok.com/@joolieannie/video/7385695278470270250,16.4K,@joolieannie
https://www.tiktok.com/@joolieannie/video/7385687488620203306,16.9K,@joolieannie
https://www.tiktok.com/@joolieannie/video/7385685310094527787,15.2K,@joolieannie
https://www.tiktok.com/@joolieannie/video/7385683578123865387,16.4K,@joolieannie
https://www.tiktok.com/@joolieannie/video/7385667828772490542,17.4K,@joolieannie
https://www.tiktok.com/@joolieannie/video/7385667111877741867,15.2K,@joolieannie
https://www.tiktok.com/@joolieannie/video/7385664975836155182,56.1K,@joolieannie
https://www.tiktok.com/@joolieannie/video/7385662837353450795,28.5K,@joolieannie
https://www.tiktok.com/@joolieannie/video/7385647716849700138,24.5K,@joolieannie
https://www.tiktok.com/@joolieannie/video/7385647146067840299,15.6K,@joolieannie
https://www.tiktok.com/@joolieannie/video/7385637563970637099,17.4K,@joolieannie
https://www.tiktok.com/@joolieannie/video/7385418820803956011,61.3K,@joolieannie
https://www.tiktok.com/@joolieannie/video/7385366622317350186,17.5K,@joolieannie
https://www.tiktok.com/@joolieannie/video/7384470195206720810,319.6K,@joolieannie
https://www.tiktok.com/@joolieannie/video/7382437104686599466,34.7K,@joolieannie
https://www.tiktok.com/@joolieannie/video/7382376200687193386,84.7K,@joolieannie
https://www.tiktok.com/@joolieannie/video/7382349210303139115,44.4K,@joolieannie
https://www.tiktok.com/@joolieannie/video/7382345962536045866,28.1K,@joolieannie
https://www.tiktok.com/@joolieannie/video/7382251584740150570,1.8M,@joolieannie
https://www.tiktok.com/@joolieannie/video/7382238600416578858,1M,@joolieannie
https://www.tiktok.com/@joolieannie/video/7381949578716728618,41.8K,@joolieannie
https://www.tiktok.com/@joolieannie/video/7381875290617990446,46.8K,@joolieannie
https://www.tiktok.com/@joolieannie/video/7381690409719762219,27K,@joolieannie
https://www.tiktok.com/@joolieannie/video/7381684919577169198,51K,@joolieannie
https://www.tiktok.com/@joolieannie/video/7381682548671335723,66.4K,@joolieannie
https://www.tiktok.com/@joolieannie/video/7381670515095768362,33.3K,@joolieannie
https://www.tiktok.com/@joolieannie/video/7381669296155495723,55.1K,@joolieannie
https://www.tiktok.com/@joolieannie/video/7381654642247191850,65.9K,@joolieannie
https://www.tiktok.com/@joolieannie/video/7381629264799534378,46.3K,@joolieannie
https://www.tiktok.com/@joolieannie/video/7381627970366049582,57.3K,@joolieannie
https://www.tiktok.com/@joolieannie/video/7381615993140874538,484.3K,@joolieannie
https://www.tiktok.com/@joolieannie/video/7381615540655099179,48.6K,@joolieannie
https://www.tiktok.com/@joolieannie/video/7381417079628516651,19.6K,@joolieannie
https://www.tiktok.com/@joolieannie/video/7381235122596613418,991.2K,@joolieannie
https://www.tiktok.com/@joolieannie/video/7381221989890985259,36.7K,@joolieannie
https://www.tiktok.com/@joolieannie/video/7381218982541528366,431.3K,@joolieannie
https://www.tiktok.com/@joolieannie/video/7380939844442180906,30.4K,@joolieannie
https://www.tiktok.com/@joolieannie/video/7380931117739773230,82.8K,@joolieannie
https://www.tiktok.com/@joolieannie/video/7380922664166133034,30.4K,@joolieannie
https://www.tiktok.com/@joolieannie/video/7380825759713070379,38.2K,@joolieannie
https://www.tiktok.com/@joolieannie/video/7380781445226220843,35.9K,@joolieannie
https://www.tiktok.com/@joolieannie/video/7380613457567059243,813.1K,@joolieannie
https://www.tiktok.com/@joolieannie/video/7380611754490858798,19.5K,@joolieannie
https://www.tiktok.com/@joolieannie/video/7380609967461567790,25.8K,@joolieannie
https://www.tiktok.com/@joolieannie/video/7380607130723798315,86.3K,@joolieannie
https://www.tiktok.com/@joolieannie/video/7380605752781720878,54.6K,@joolieannie
https://www.tiktok.com/@joolieannie/video/7380603516433239342,20.2K,@joolieannie
https://www.tiktok.com/@joolieannie/video/7380600692685245742,33.8K,@joolieannie
https://www.tiktok.com/@joolieannie/video/7380583245815090475,26.7K,@joolieannie
https://www.tiktok.com/@joolieannie/video/7380579769034853674,12.4K,@joolieannie
https://www.tiktok.com/@joolieannie/video/7380578473548762414,377.4K,@joolieannie
https://www.tiktok.com/@joolieannie/video/7380573826146602283,32.4K,@joolieannie
https://www.tiktok.com/@joolieannie/video/7380573077240892718,18.5K,@joolieannie
https://www.tiktok.com/@joolieannie/video/7380572005977967915,15.8K,@joolieannie
https://www.tiktok.com/@joolieannie/video/7380518023209241902,18.3K,@joolieannie
https://www.tiktok.com/@joolieannie/video/7380286251829693739,25.7K,@joolieannie
https://www.tiktok.com/@joolieannie/video/7380279347522948394,38.7K,@joolieannie
https://www.tiktok.com/@joolieannie/video/7380189110251670830,178.9K,@joolieannie
https://www.tiktok.com/@joolieannie/video/7380184980757957930,52K,@joolieannie
https://www.tiktok.com/@joolieannie/video/7380183712857656619,38.7K,@joolieannie
https://www.tiktok.com/@joolieannie/video/7380095970383629611,59.9K,@joolieannie
https://www.tiktok.com/@joolieannie/video/7379825004684545326,57.7K,@joolieannie
https://www.tiktok.com/@joolieannie/video/7379824761855085866,32.2K,@joolieannie
https://www.tiktok.com/@joolieannie/video/7379814828338335022,3.3M,@joolieannie
https://www.tiktok.com/@joolieannie/video/7379791545697897771,1.4M,@joolieannie
https://www.tiktok.com/@joolieannie/video/7379450531741257003,32.6K,@joolieannie
https://www.tiktok.com/@joolieannie/video/7379446363349732650,24.5K,@joolieannie
https://www.tiktok.com/@joolieannie/video/7379446328331586862,28.1K,@joolieannie
https://www.tiktok.com/@joolieannie/video/7379397858061045035,23.1K,@joolieannie
https://www.tiktok.com/@joolieannie/video/7379382423269854510,20.8K,@joolieannie
https://www.tiktok.com/@joolieannie/video/7379371693552422190,30.7K,@joolieannie
https://www.tiktok.com/@joolieannie/video/7379366879082663211,110.1K,@joolieannie
https://www.tiktok.com/@joolieannie/video/7379353773963054379,231.9K,@joolieannie
https://www.tiktok.com/@joolieannie/video/7379334937993907499,10K,@joolieannie
https://www.tiktok.com/@joolieannie/video/7379021285105405227,14K,@joolieannie
https://www.tiktok.com/@joolieannie/video/7379018929009872174,22.2K,@joolieannie
https://www.tiktok.com/@joolieannie/video/7379008633503223083,17K,@joolieannie
https://www.tiktok.com/@joolieannie/video/7379003697327672622,44.2K,@joolieannie
https://www.tiktok.com/@joolieannie/video/7378991246423018798,22.4K,@joolieannie
https://www.tiktok.com/@joolieannie/video/7378989963817307435,2.5M,@joolieannie
https://www.tiktok.com/@joolieannie/video/7378988353762364714,14.9K,@joolieannie
https://www.tiktok.com/@joolieannie/video/7378984944498036014,8526,@joolieannie
https://www.tiktok.com/@joolieannie/video/7378984936767802666,14.7K,@joolieannie
https://www.tiktok.com/@joolieannie/video/7378974003500780843,1.6M,@joolieannie
https://www.tiktok.com/@joolieannie/video/7378973621106085166,13.1K,@joolieannie
https://www.tiktok.com/@joolieannie/video/7378972674636156203,14.7K,@joolieannie
https://www.tiktok.com/@joolieannie/video/7378971751994133802,9081,@joolieannie
https://www.tiktok.com/@joolieannie/video/7378943306501295403,16.7K,@joolieannie
https://www.tiktok.com/@joolieannie/video/7378622245985455403,16.9K,@joolieannie
https://www.tiktok.com/@joolieannie/video/7378614783328800042,82.2K,@joolieannie
https://www.tiktok.com/@joolieannie/video/7378608551968689454,8722,@joolieannie
https://www.tiktok.com/@joolieannie/video/7378603691567271214,150.4K,@joolieannie
https://www.tiktok.com/@joolieannie/video/7378602217751711018,20.2K,@joolieannie
https://www.tiktok.com/@joolieannie/video/7378563601847651627,18.3K,@joolieannie
https://www.tiktok.com/@joolieannie/video/7378547607917841706,48.6K,@joolieannie
https://www.tiktok.com/@joolieannie/video/7378293789024079147,28.4K,@joolieannie
https://www.tiktok.com/@joolieannie/video/7378292029815639339,20.5K,@joolieannie
https://www.tiktok.com/@joolieannie/video/7378281416108281130,179.9K,@joolieannie
https://www.tiktok.com/@joolieannie/video/7378277999734623534,21K,@joolieannie
https://www.tiktok.com/@joolieannie/video/7378276838646222126,15.7K,@joolieannie
https://www.tiktok.com/@joolieannie/video/7378259256149085482,27K,@joolieannie
https://www.tiktok.com/@joolieannie/video/7378142645605928235,18.1K,@joolieannie
https://www.tiktok.com/@joolieannie/video/7377989771542416683,12.7K,@joolieannie
https://www.tiktok.com/@joolieannie/video/7377973400599416110,23.5K,@joolieannie
https://www.tiktok.com/@joolieannie/video/7377973091961425194,803.3K,@joolieannie
https://www.tiktok.com/@joolieannie/video/7377952138376334635,67.6K,@joolieannie
https://www.tiktok.com/@joolieannie/video/7377948580461497642,452.7K,@joolieannie
https://www.tiktok.com/@joolieannie/video/7377945776145599790,18K,@joolieannie
https://www.tiktok.com/@joolieannie/photo/7377945772790189355,16.7K,@joolieannie
https://www.tiktok.com/@joolieannie/video/7377942583512927534,31.2K,@joolieannie
https://www.tiktok.com/@joolieannie/video/7377942084223012142,4.9M,@joolieannie
https://www.tiktok.com/@joolieannie/video/7377938748232781098,90.5K,@joolieannie
https://www.tiktok.com/@joolieannie/video/7377934418486267178,8854,@joolieannie
https://www.tiktok.com/@joolieannie/video/7377930449517284654,90.4K,@joolieannie
https://www.tiktok.com/@joolieannie/video/7377905614812499242,39.9K,@joolieannie
https://www.tiktok.com/@joolieannie/video/7377892672255577390,35.5K,@joolieannie
https://www.tiktok.com/@joolieannie/video/7377887800298900782,7156,@joolieannie
https://www.tiktok.com/@joolieannie/video/7377737028416359723,499.2K,@joolieannie
https://www.tiktok.com/@joolieannie/video/7377597098562391342,18.1K,@joolieannie
https://www.tiktok.com/@joolieannie/video/7377549396717686059,694.5K,@joolieannie
https://www.tiktok.com/@joolieannie/video/7377517423785790766,408.3K,@joolieannie
https://www.tiktok.com/@joolieannie/video/7377513692868660526,27.5K,@joolieannie
https://www.tiktok.com/@joolieannie/video/7377113343351344427,53.6K,@joolieannie
https://www.tiktok.com/@joolieannie/photo/7377112043221945643,8057,@joolieannie
https://www.tiktok.com/@joolieannie/video/7377111260694990123,19.7K,@joolieannie
https://www.tiktok.com/@joolieannie/video/7376923308568284462,22.1K,@joolieannie
https://www.tiktok.com/@joolieannie/video/7376917612443290922,1.1M,@joolieannie
https://www.tiktok.com/@joolieannie/video/7376792528776908074,27.2K,@joolieannie
https://www.tiktok.com/@joolieannie/video/7376748925782330670,22.1K,@joolieannie
https://www.tiktok.com/@joolieannie/video/7376745154033618219,14.2K,@joolieannie
https://www.tiktok.com/@joolieannie/video/7376419142234180910,25.5K,@joolieannie
https://www.tiktok.com/@joolieannie/video/7376406915821161774,9345,@joolieannie
https://www.tiktok.com/@joolieannie/video/7376391330748140846,8424,@joolieannie
https://www.tiktok.com/@joolieannie/video/7376355472770616619,8068,@joolieannie
https://www.tiktok.com/@joolieannie/video/7376340942057639214,96.7K,@joolieannie
https://www.tiktok.com/@joolieannie/video/7376328363457367342,48.4K,@joolieannie
https://www.tiktok.com/@joolieannie/video/7376083884766743851,44.5K,@joolieannie
https://www.tiktok.com/@joolieannie/video/7376065979719290158,59.3K,@joolieannie
https://www.tiktok.com/@joolieannie/video/7376059422939827499,28.1K,@joolieannie
https://www.tiktok.com/@joolieannie/video/7376044497420995883,42.3K,@joolieannie
https://www.tiktok.com/@joolieannie/video/7376035845951819050,13.1K,@joolieannie
https://www.tiktok.com/@joolieannie/video/7376034058792586542,59.5K,@joolieannie
https://www.tiktok.com/@joolieannie/video/7376033705900428586,53.7K,@joolieannie
https://www.tiktok.com/@joolieannie/video/7376032578966457643,9816,@joolieannie
https://www.tiktok.com/@joolieannie/video/7376027433184611627,41K,@joolieannie
https://www.tiktok.com/@joolieannie/video/7376025516006001962,13.5K,@joolieannie
https://www.tiktok.com/@joolieannie/video/7376015839469915438,16.4K,@joolieannie
https://www.tiktok.com/@joolieannie/video/7375978246749343019,29.4K,@joolieannie
https://www.tiktok.com/@joolieannie/video/7375975445868596526,7437,@joolieannie
https://www.tiktok.com/@joolieannie/video/7375966497094520106,1.8M,@joolieannie
https://www.tiktok.com/@joolieannie/video/7375648302949289258,43.7K,@joolieannie
https://www.tiktok.com/@joolieannie/video/7375639285724138798,13K,@joolieannie
https://www.tiktok.com/@joolieannie/video/7375639279038483755,10.7K,@joolieannie
https://www.tiktok.com/@joolieannie/video/7375621937801792814,34.7K,@joolieannie
https://www.tiktok.com/@joolieannie/video/7375616462171524395,14.6K,@joolieannie
https://www.tiktok.com/@joolieannie/video/7375604885678640430,36.3K,@joolieannie
https://www.tiktok.com/@joolieannie/video/7375598003337399594,543.3K,@joolieannie
https://www.tiktok.com/@joolieannie/video/7375374222106938666,18.5K,@joolieannie
https://www.tiktok.com/@joolieannie/video/7374947109222534442,48.8K,@joolieannie
https://www.tiktok.com/@joolieannie/video/7374924597004799278,549.4K,@joolieannie
https://www.tiktok.com/@joolieannie/video/7374864985983372586,31.9K,@joolieannie
https://www.tiktok.com/@joolieannie/video/7374857412471213354,33.7K,@joolieannie
https://www.tiktok.com/@joolieannie/video/7374851741055208750,31.7K,@joolieannie
https://www.tiktok.com/@joolieannie/video/7374845278999891243,46.2K,@joolieannie
https://www.tiktok.com/@joolieannie/video/7374843728458042667,1.1M,@joolieannie
https://www.tiktok.com/@joolieannie/video/7374816520985267498,30.3K,@joolieannie
https://www.tiktok.com/@joolieannie/video/7374668518538759470,1.5M,@joolieannie
https://www.tiktok.com/@joolieannie/video/7374626522193235242,305.3K,@joolieannie
https://www.tiktok.com/@joolieannie/video/7374605458167876907,494.2K,@joolieannie
https://www.tiktok.com/@joolieannie/video/7374600805585833258,954.7K,@joolieannie
https://www.tiktok.com/@joolieannie/video/7374591551000874282,23.5K,@joolieannie
https://www.tiktok.com/@joolieannie/video/7374590789986340139,524.8K,@joolieannie
https://www.tiktok.com/@joolieannie/video/7374590196517588267,94.3K,@joolieannie
https://www.tiktok.com/@joolieannie/video/7374588543869537582,794.7K,@joolieannie
https://www.tiktok.com/@joolieannie/video/7374588146874600750,9443,@joolieannie
https://www.tiktok.com/@joolieannie/video/7374586778772196650,14.7K,@joolieannie
https://www.tiktok.com/@joolieannie/video/7374558650586746158,50.9K,@joolieannie
https://www.tiktok.com/@joolieannie/video/7374550805615070507,11.5K,@joolieannie
https://www.tiktok.com/@joolieannie/video/7374536211668553003,7492,@joolieannie
https://www.tiktok.com/@joolieannie/video/7374523428692512046,11.3K,@joolieannie
https://www.tiktok.com/@joolieannie/video/7374500037830774059,532.1K,@joolieannie
https://www.tiktok.com/@joolieannie/video/7374486192139570474,134.7K,@joolieannie
https://www.tiktok.com/@joolieannie/video/7374312391770656043,7762,@joolieannie
https://www.tiktok.com/@joolieannie/video/7373880027579993386,6953,@joolieannie
https://www.tiktok.com/@joolieannie/video/7373836539362544939,9641,@joolieannie
https://www.tiktok.com/@joolieannie/video/7373767198260743467,36K,@joolieannie
https://www.tiktok.com/@joolieannie/video/7373488196753050922,14.3K,@joolieannie
https://www.tiktok.com/@joolieannie/video/7373481767992331562,132.7K,@joolieannie
https://www.tiktok.com/@joolieannie/video/7373479845101047083,7580,@joolieannie
https://www.tiktok.com/@joolieannie/video/7373453080769105198,8031,@joolieannie
https://www.tiktok.com/@joolieannie/video/7373360413255142698,6021,@joolieannie
https://www.tiktok.com/@joolieannie/video/7373355593324662058,1M,@joolieannie
https://www.tiktok.com/@joolieannie/video/7373298288340077867,1.2M,@joolieannie
https://www.tiktok.com/@joolieannie/video/7373022392362257707,36.2K,@joolieannie
https://www.tiktok.com/@joolieannie/video/7372819943001247019,11.5K,@joolieannie
https://www.tiktok.com/@joolieannie/video/7372786837456178475,7770,@joolieannie
https://www.tiktok.com/@joolieannie/video/7372776755112889646,11.7K,@joolieannie
https://www.tiktok.com/@joolieannie/video/7372695799320513838,15.9K,@joolieannie
https://www.tiktok.com/@joolieannie/video/7372475584628362542,23.8K,@joolieannie
https://www.tiktok.com/@joolieannie/video/7372435982144048430,12.9K,@joolieannie
https://www.tiktok.com/@joolieannie/video/7372435257720835374,10.5K,@joolieannie
https://www.tiktok.com/@joolieannie/video/7372434624024300846,25.4K,@joolieannie
https://www.tiktok.com/@joolieannie/video/7372429542935268651,7293,@joolieannie
https://www.tiktok.com/@joolieannie/video/7372428862573235502,15.6K,@joolieannie
https://www.tiktok.com/@joolieannie/video/7372425865596095790,97.4K,@joolieannie
https://www.tiktok.com/@joolieannie/video/7372267293750971691,22.2K,@joolieannie
https://www.tiktok.com/@joolieannie/video/7372098761713208622,24.2K,@joolieannie
https://www.tiktok.com/@joolieannie/video/7372080130253966635,11.1K,@joolieannie
https://www.tiktok.com/@joolieannie/video/7372075514657262894,8541,@joolieannie
https://www.tiktok.com/@joolieannie/video/7372062733241486638,10.5K,@joolieannie
https://www.tiktok.com/@joolieannie/video/7372033565904637230,5092,@joolieannie
https://www.tiktok.com/@joolieannie/video/7371981827118091562,10.1K,@joolieannie
https://www.tiktok.com/@joolieannie/video/7371971413172899115,79.6K,@joolieannie
https://www.tiktok.com/@joolieannie/video/7371966119294389546,9628,@joolieannie
https://www.tiktok.com/@joolieannie/video/7371963845742513451,35.9K,@joolieannie
https://www.tiktok.com/@joolieannie/video/7371963426702134570,26.2K,@joolieannie
https://www.tiktok.com/@joolieannie/video/7371961779146034474,16.1K,@joolieannie
https://www.tiktok.com/@joolieannie/video/7371922291942296875,10.5K,@joolieannie
https://www.tiktok.com/@joolieannie/video/7371919266469154090,29.9K,@joolieannie
https://www.tiktok.com/@joolieannie/video/7371915692783799595,844.1K,@joolieannie
https://www.tiktok.com/@joolieannie/video/7371850749023767850,4387,@joolieannie
https://www.tiktok.com/@joolieannie/video/7371844870962482478,11.1K,@joolieannie
https://www.tiktok.com/@joolieannie/video/7371824047069383978,2M,@joolieannie
https://www.tiktok.com/@joolieannie/video/7371823697151282474,7051,@joolieannie
https://www.tiktok.com/@joolieannie/video/7371200849521118510,25.9K,@joolieannie
https://www.tiktok.com/@joolieannie/video/7371124978047110442,35.7K,@joolieannie
https://www.tiktok.com/@joolieannie/video/7370712356659285291,11.1K,@joolieannie
https://www.tiktok.com/@joolieannie/video/7370535804663336234,98.6K,@joolieannie
https://www.tiktok.com/@joolieannie/video/7370444817010019627,7997,@joolieannie
https://www.tiktok.com/@joolieannie/video/7370434792665419050,17.8K,@joolieannie
https://www.tiktok.com/@joolieannie/video/7369817827118714155,20.5K,@joolieannie
https://www.tiktok.com/@joolieannie/video/7369809169593175342,12.1K,@joolieannie
https://www.tiktok.com/@joolieannie/video/7369782200083975470,11.5K,@joolieannie
https://www.tiktok.com/@joolieannie/video/7369769583579811114,9781,@joolieannie
https://www.tiktok.com/@joolieannie/video/7369721950358293806,1.1M,@joolieannie
https://www.tiktok.com/@joolieannie/video/7369630970967788846,7933,@joolieannie
https://www.tiktok.com/@joolieannie/video/7369604723256692014,6534,@joolieannie
https://www.tiktok.com/@joolieannie/video/7369455709186034987,6797,@joolieannie
https://www.tiktok.com/@joolieannie/photo/7369455303122849066,4528,@joolieannie
https://www.tiktok.com/@joolieannie/video/7369446010357042474,9297,@joolieannie
https://www.tiktok.com/@joolieannie/video/7369442652733050158,10.2K,@joolieannie
https://www.tiktok.com/@joolieannie/video/7369438434454277422,6393,@joolieannie
https://www.tiktok.com/@joolieannie/video/7369436383443684650,6610,@joolieannie
https://www.tiktok.com/@joolieannie/video/7369432028875459886,7941,@joolieannie
https://www.tiktok.com/@joolieannie/video/7369429391107018030,3923,@joolieannie
https://www.tiktok.com/@joolieannie/video/7369429047991962922,85.3K,@joolieannie
https://www.tiktok.com/@joolieannie/video/7369419338979314987,5855,@joolieannie
https://www.tiktok.com/@joolieannie/video/7369418520385375530,4713,@joolieannie
https://www.tiktok.com/@joolieannie/video/7369402083373501742,5225,@joolieannie
https://www.tiktok.com/@joolieannie/video/7369399446548925742,40.5K,@joolieannie
https://www.tiktok.com/@joolieannie/video/7369397468523482410,23.9K,@joolieannie
https://www.tiktok.com/@joolieannie/video/7369393634375994666,4920,@joolieannie
https://www.tiktok.com/@joolieannie/video/7369389101763530030,7101,@joolieannie
https://www.tiktok.com/@joolieannie/video/7369365548213357867,7965,@joolieannie
https://www.tiktok.com/@joolieannie/video/7369289445117398314,8960,@joolieannie
https://www.tiktok.com/@joolieannie/video/7369283539415731498,4055,@joolieannie
https://www.tiktok.com/@joolieannie/video/7368957432812408106,22.9K,@joolieannie
https://www.tiktok.com/@joolieannie/video/7368946728734592299,21.1K,@joolieannie
https://www.tiktok.com/@joolieannie/video/7368915253960117550,24.4K,@joolieannie
https://www.tiktok.com/@joolieannie/video/7368724075767778603,6607,@joolieannie
https://www.tiktok.com/@joolieannie/video/7368715576476241198,20.4K,@joolieannie
https://www.tiktok.com/@joolieannie/video/7368621231622425899,7130,@joolieannie
https://www.tiktok.com/@joolieannie/video/7368610402822933803,11.2K,@joolieannie
https://www.tiktok.com/@joolieannie/video/7368597121441811754,5856,@joolieannie
https://www.tiktok.com/@joolieannie/video/7368568951682501931,45.9K,@joolieannie
https://www.tiktok.com/@joolieannie/video/7368555480186096939,9426,@joolieannie
https://www.tiktok.com/@joolieannie/video/7368548826904317227,6607,@joolieannie
https://www.tiktok.com/@joolieannie/video/7368548327182503214,15K,@joolieannie
https://www.tiktok.com/@joolieannie/video/7368545539966815534,6028,@joolieannie
https://www.tiktok.com/@joolieannie/video/7368519554407959851,4404,@joolieannie
https://www.tiktok.com/@joolieannie/video/7368515748966419758,6461,@joolieannie
https://www.tiktok.com/@joolieannie/video/7368505956554083626,7863,@joolieannie
https://www.tiktok.com/@joolieannie/video/7368313834660039982,6069,@joolieannie
https://www.tiktok.com/@joolieannie/video/7368291857962372398,8816,@joolieannie
https://www.tiktok.com/@joolieannie/video/7368270604857806122,9843,@joolieannie
https://www.tiktok.com/@joolieannie/video/7368190248158793002,8400,@joolieannie
https://www.tiktok.com/@joolieannie/video/7368189198056295726,25.3K,@joolieannie
https://www.tiktok.com/@joolieannie/video/7368060420034170155,10.6K,@joolieannie
https://www.tiktok.com/@joolieannie/video/7367999051003907370,17.2K,@joolieannie
https://www.tiktok.com/@joolieannie/video/7367933321403223342,7566,@joolieannie
https://www.tiktok.com/@joolieannie/video/7367911788358159662,62.7K,@joolieannie
https://www.tiktok.com/@joolieannie/video/7367910729967504682,26.8K,@joolieannie
https://www.tiktok.com/@joolieannie/video/7367906986547170606,10.7K,@joolieannie
https://www.tiktok.com/@joolieannie/video/7367904681361886510,22.4K,@joolieannie
https://www.tiktok.com/@joolieannie/video/7367897901521227054,7332,@joolieannie
https://www.tiktok.com/@joolieannie/video/7367874626195606827,11.1K,@joolieannie
https://www.tiktok.com/@joolieannie/video/7367870568927874347,6056,@joolieannie
https://www.tiktok.com/@joolieannie/video/7367862172887584043,10.2K,@joolieannie
https://www.tiktok.com/@joolieannie/video/7367824748962696490,14.3K,@joolieannie
https://www.tiktok.com/@joolieannie/video/7367460941723766062,19.7K,@joolieannie
https://www.tiktok.com/@joolieannie/video/7367205969614392619,169.9K,@joolieannie
https://www.tiktok.com/@joolieannie/video/7367137604690545962,22.7K,@joolieannie
https://www.tiktok.com/@joolieannie/video/7367132759334128938,10.5K,@joolieannie
https://www.tiktok.com/@joolieannie/video/7367120633014095147,526K,@joolieannie
https://www.tiktok.com/@joolieannie/video/7367119845562830123,15.1K,@joolieannie
https://www.tiktok.com/@joolieannie/video/7367116509870705962,13.1K,@joolieannie
https://www.tiktok.com/@joolieannie/video/7367090220522622251,7997,@joolieannie
https://www.tiktok.com/@joolieannie/video/7367089545566768427,5399,@joolieannie
https://www.tiktok.com/@joolieannie/video/7367084335440203050,8475,@joolieannie
https://www.tiktok.com/@joolieannie/video/7367080591902149931,9944,@joolieannie
https://www.tiktok.com/@joolieannie/video/7367076886096170282,16K,@joolieannie
https://www.tiktok.com/@joolieannie/video/7367050633133935918,457.4K,@joolieannie
https://www.tiktok.com/@joolieannie/video/7367040662090370347,45.2K,@joolieannie
https://www.tiktok.com/@joolieannie/video/7366873975948840235,7728,@joolieannie
https://www.tiktok.com/@joolieannie/video/7366865250781613358,16.3K,@joolieannie
https://www.tiktok.com/@joolieannie/video/7366830349944425774,7478,@joolieannie
https://www.tiktok.com/@joolieannie/video/7366824009679293742,11.7K,@joolieannie
https://www.tiktok.com/@joolieannie/video/7366813930288811310,259.3K,@joolieannie
https://www.tiktok.com/@joolieannie/video/7366796378934218027,29.6K,@joolieannie
https://www.tiktok.com/@joolieannie/video/7366783962896682282,10.3K,@joolieannie
https://www.tiktok.com/@joolieannie/video/7366782173321399595,28.2K,@joolieannie
https://www.tiktok.com/@joolieannie/video/7366486309470309674,81.9K,@joolieannie
https://www.tiktok.com/@joolieannie/video/7366367430102355242,48.4K,@joolieannie
https://www.tiktok.com/@joolieannie/video/7366366290711252266,6844,@joolieannie
https://www.tiktok.com/@joolieannie/video/7366356825983241515,19.4K,@joolieannie
https://www.tiktok.com/@joolieannie/video/7366355327467506986,16.2K,@joolieannie
https://www.tiktok.com/@joolieannie/video/7366353305339006250,8132,@joolieannie
https://www.tiktok.com/@joolieannie/video/7366316924697054510,4457,@joolieannie
https://www.tiktok.com/@joolieannie/video/7366007340123917610,5850,@joolieannie
https://www.tiktok.com/@joolieannie/video/7366006002191404334,13.5K,@joolieannie
https://www.tiktok.com/@joolieannie/video/7366006000488336683,42K,@joolieannie
https://www.tiktok.com/@joolieannie/video/7365964154655755566,10.2K,@joolieannie
https://www.tiktok.com/@joolieannie/video/7365941536816762158,12K,@joolieannie
https://www.tiktok.com/@joolieannie/video/7365930648160308522,17.4K,@joolieannie
https://www.tiktok.com/@joolieannie/video/7365789319518309674,8771,@joolieannie
https://www.tiktok.com/@joolieannie/video/7365748208850521387,84.8K,@joolieannie
https://www.tiktok.com/@joolieannie/video/7365746933308149034,8233,@joolieannie
https://www.tiktok.com/@joolieannie/video/7365736850322967854,11.1K,@joolieannie
https://www.tiktok.com/@joolieannie/video/7365735539795938602,5882,@joolieannie
https://www.tiktok.com/@joolieannie/video/7365544615895731499,33.7K,@joolieannie
https://www.tiktok.com/@joolieannie/video/7365395128179068203,35K,@joolieannie
https://www.tiktok.com/@joolieannie/video/7365377896162053418,7594,@joolieannie
https://www.tiktok.com/@joolieannie/video/7365237967662746922,1.2M,@joolieannie
https://www.tiktok.com/@joolieannie/video/7365144065782107434,2.7M,@joolieannie
https://www.tiktok.com/@joolieannie/video/7364912549827054890,20.9K,@joolieannie
https://www.tiktok.com/@joolieannie/video/7364865084331609390,17.6K,@joolieannie
https://www.tiktok.com/@joolieannie/video/7364507525506469166,10.6K,@joolieannie
https://www.tiktok.com/@joolieannie/photo/7364502438151327019,15.9K,@joolieannie
https://www.tiktok.com/@joolieannie/video/7364502065512582443,8693,@joolieannie
https://www.tiktok.com/@joolieannie/video/7364501760804654382,6790,@joolieannie
https://www.tiktok.com/@joolieannie/video/7364497021601959214,5338,@joolieannie
https://www.tiktok.com/@joolieannie/video/7364488185851972910,5146,@joolieannie
https://www.tiktok.com/@joolieannie/video/7364459993925487915,31K,@joolieannie
https://www.tiktok.com/@joolieannie/video/7364313739664821547,9084,@joolieannie
https://www.tiktok.com/@joolieannie/video/7364155204897377579,8222,@joolieannie
https://www.tiktok.com/@joolieannie/video/7364153734437424426,18.5K,@joolieannie
https://www.tiktok.com/@joolieannie/video/7364152564662750506,2799,@joolieannie
https://www.tiktok.com/@joolieannie/video/7364104356267969838,26.9K,@joolieannie
https://www.tiktok.com/@joolieannie/video/7364101846216232238,4731,@joolieannie
https://www.tiktok.com/@joolieannie/video/7363880748891393323,919.2K,@joolieannie
https://www.tiktok.com/@joolieannie/video/7363866202122341674,44.6K,@joolieannie
https://www.tiktok.com/@joolieannie/video/7363837331473812778,5049,@joolieannie
https://www.tiktok.com/@joolieannie/video/7363755738633702702,42.9K,@joolieannie
https://www.tiktok.com/@joolieannie/video/7363712419434106155,13.1K,@joolieannie
https://www.tiktok.com/@joolieannie/video/7363406828983602475,5652,@joolieannie
https://www.tiktok.com/@joolieannie/video/7363378632166804779,12.7K,@joolieannie
https://www.tiktok.com/@joolieannie/video/7363039110438702378,323.1K,@joolieannie
https://www.tiktok.com/@joolieannie/video/7362767882314485038,18.1K,@joolieannie
https://www.tiktok.com/@joolieannie/video/7362670839797484842,10.6K,@joolieannie
https://www.tiktok.com/@joolieannie/video/7362665495608233259,8857,@joolieannie
https://www.tiktok.com/@joolieannie/video/7362657374122954027,13K,@joolieannie
https://www.tiktok.com/@joolieannie/photo/7362656668380925230,6692,@joolieannie
https://www.tiktok.com/@joolieannie/video/7362654815517838638,17.1K,@joolieannie
https://www.tiktok.com/@joolieannie/video/7362653645923683630,7427,@joolieannie
https://www.tiktok.com/@joolieannie/video/7362652206740409642,7305,@joolieannie
https://www.tiktok.com/@joolieannie/video/7362639282336468266,7906,@joolieannie
https://www.tiktok.com/@joolieannie/video/7362627941748002090,8910,@joolieannie
https://www.tiktok.com/@joolieannie/video/7362625126161976618,5761,@joolieannie
https://www.tiktok.com/@joolieannie/video/7362617022431218987,6348,@joolieannie
https://www.tiktok.com/@joolieannie/video/7362375652353297707,8181,@joolieannie
https://www.tiktok.com/@joolieannie/video/7362372441294785838,7797,@joolieannie
https://www.tiktok.com/@joolieannie/video/7362362959357742382,6905,@joolieannie
https://www.tiktok.com/@joolieannie/video/7362360399980694827,5451,@joolieannie
https://www.tiktok.com/@joolieannie/video/7362357094944722222,10.2K,@joolieannie
https://www.tiktok.com/@joolieannie/video/7362355358083403054,6383,@joolieannie
https://www.tiktok.com/@joolieannie/video/7362351541623213355,45.1K,@joolieannie
https://www.tiktok.com/@joolieannie/video/7362341304769989934,6940,@joolieannie
https://www.tiktok.com/@joolieannie/video/7362340250607275306,9623,@joolieannie
https://www.tiktok.com/@joolieannie/video/7362339470881951022,9362,@joolieannie
https://www.tiktok.com/@joolieannie/video/7362317673444691242,11.9K,@joolieannie
https://www.tiktok.com/@joolieannie/video/7362314775444852010,16K,@joolieannie
https://www.tiktok.com/@joolieannie/video/7362313954456194350,15.5K,@joolieannie
https://www.tiktok.com/@joolieannie/video/7362307065676811566,17K,@joolieannie
https://www.tiktok.com/@joolieannie/video/7362305352144145706,61.9K,@joolieannie
https://www.tiktok.com/@joolieannie/video/7362302232160767275,34.7K,@joolieannie
https://www.tiktok.com/@joolieannie/video/7362301632681397547,25.5K,@joolieannie
https://www.tiktok.com/@joolieannie/video/7362301029523688747,992.6K,@joolieannie
https://www.tiktok.com/@joolieannie/video/7362300476471119146,983.1K,@joolieannie
https://www.tiktok.com/@joolieannie/video/7362252408786799914,7445,@joolieannie
https://www.tiktok.com/@joolieannie/video/7362251916962712875,4686,@joolieannie
https://www.tiktok.com/@joolieannie/video/7362251068098759982,3878,@joolieannie
https://www.tiktok.com/@joolieannie/video/7362250466249542955,3601,@joolieannie
https://www.tiktok.com/@joolieannie/video/7362249556853067054,5092,@joolieannie
https://www.tiktok.com/@joolieannie/video/7362248219751107886,3115,@joolieannie
https://www.tiktok.com/@joolieannie/video/7362245616501591339,4684,@joolieannie
https://www.tiktok.com/@joolieannie/video/7361976147783028011,7733,@joolieannie
https://www.tiktok.com/@joolieannie/video/7361973186553974059,19.3K,@joolieannie
https://www.tiktok.com/@joolieannie/video/7361660263017434414,14.4K,@joolieannie
https://www.tiktok.com/@joolieannie/video/7361649284242050346,11.2K,@joolieannie
https://www.tiktok.com/@joolieannie/video/7361630076657618219,14.4K,@joolieannie
https://www.tiktok.com/@joolieannie/video/7361620812190944558,8493,@joolieannie
https://www.tiktok.com/@joolieannie/video/7361620231313231146,14.9K,@joolieannie
https://www.tiktok.com/@joolieannie/video/7361583092810796330,15.5K,@joolieannie
https://www.tiktok.com/@joolieannie/video/7361533618189110570,11.3K,@joolieannie
https://www.tiktok.com/@joolieannie/video/7361529982910352683,5567,@joolieannie
https://www.tiktok.com/@joolieannie/video/7361528926063070506,6078,@joolieannie
https://www.tiktok.com/@joolieannie/video/7361527074642742570,5868,@joolieannie
https://www.tiktok.com/@joolieannie/video/7361522764819270955,14.1K,@joolieannie
https://www.tiktok.com/@joolieannie/video/7361522047589043498,8990,@joolieannie
https://www.tiktok.com/@joolieannie/video/7361520876002528554,5892,@joolieannie
https://www.tiktok.com/@joolieannie/video/7361502420062440750,23.6K,@joolieannie
https://www.tiktok.com/@joolieannie/video/7361490849714228526,25.5K,@joolieannie
https://www.tiktok.com/@joolieannie/video/7361427719957105963,7184,@joolieannie
https://www.tiktok.com/@joolieannie/video/7361255545564843310,40.1K,@joolieannie
https://www.tiktok.com/@joolieannie/photo/7361064526357204267,43.8K,@joolieannie
https://www.tiktok.com/@joolieannie/video/7361061377932283179,16.9K,@joolieannie
https://www.tiktok.com/@joolieannie/video/7360895161192156462,11.7K,@joolieannie
https://www.tiktok.com/@joolieannie/video/7360893658998230318,9684,@joolieannie
https://www.tiktok.com/@joolieannie/video/7360876552328088878,35.1K,@joolieannie
https://www.tiktok.com/@joolieannie/video/7360871098377915691,32.2K,@joolieannie
https://www.tiktok.com/@joolieannie/video/7360870899098209579,272.7K,@joolieannie
https://www.tiktok.com/@joolieannie/video/7360813050016058670,17.2K,@joolieannie
https://www.tiktok.com/@joolieannie/video/7360812126367141162,9575,@joolieannie
https://www.tiktok.com/@joolieannie/video/7360778831902281002,11.6K,@joolieannie
https://www.tiktok.com/@joolieannie/video/7360771491593604394,21.8K,@joolieannie
https://www.tiktok.com/@joolieannie/video/7360759475101338922,64.9K,@joolieannie
https://www.tiktok.com/@joolieannie/video/7360749255306382635,8173,@joolieannie
https://www.tiktok.com/@joolieannie/video/7360744736598052139,6780,@joolieannie
https://www.tiktok.com/@joolieannie/video/7360133778800413995,131.7K,@joolieannie
https://www.tiktok.com/@joolieannie/video/7360131683544468782,30.7K,@joolieannie
https://www.tiktok.com/@joolieannie/video/7360128085959724330,50.2K,@joolieannie
https://www.tiktok.com/@joolieannie/video/7360125264950545706,11.4K,@joolieannie
https://www.tiktok.com/@joolieannie/video/7360011312321039659,20.5K,@joolieannie
https://www.tiktok.com/@joolieannie/video/7359782747205815594,15.2K,@joolieannie
https://www.tiktok.com/@joolieannie/video/7359780129649724714,23.5K,@joolieannie
https://www.tiktok.com/@joolieannie/video/7359776280679615786,20.2K,@joolieannie
https://www.tiktok.com/@joolieannie/video/7359767296354700587,9674,@joolieannie
https://www.tiktok.com/@joolieannie/video/7359765162611559726,25.4K,@joolieannie
https://www.tiktok.com/@joolieannie/video/7359762212036070699,17.7K,@joolieannie
https://www.tiktok.com/@joolieannie/video/7359673278845242670,8218,@joolieannie
https://www.tiktok.com/@joolieannie/video/7359651539088100651,19.1K,@joolieannie
https://www.tiktok.com/@joolieannie/video/7359599347555765547,5363,@joolieannie
https://www.tiktok.com/@joolieannie/video/7359575789194612014,33.3K,@joolieannie
https://www.tiktok.com/@joolieannie/video/7359437809708502314,100.3K,@joolieannie
https://www.tiktok.com/@joolieannie/video/7359433413851614510,36.4K,@joolieannie
https://www.tiktok.com/@joolieannie/video/7359352914491477291,10.4K,@joolieannie
https://www.tiktok.com/@joolieannie/video/7359351997121776938,18.7K,@joolieannie
https://www.tiktok.com/@joolieannie/video/7359343625437744426,21K,@joolieannie
https://www.tiktok.com/@joolieannie/video/7359339115545939242,35.9K,@joolieannie
https://www.tiktok.com/@joolieannie/video/7359104152670309678,5307,@joolieannie
https://www.tiktok.com/@joolieannie/video/7359103483628260654,20.6K,@joolieannie
https://www.tiktok.com/@joolieannie/video/7359099467322248491,6012,@joolieannie
https://www.tiktok.com/@joolieannie/video/7359098924096916782,88.6K,@joolieannie
https://www.tiktok.com/@joolieannie/video/7359097001574714670,5061,@joolieannie
https://www.tiktok.com/@joolieannie/video/7358924992882527531,7891,@joolieannie
https://www.tiktok.com/@joolieannie/video/7358912747201056046,34K,@joolieannie
https://www.tiktok.com/@joolieannie/video/7358682155221863723,32.3K,@joolieannie
https://www.tiktok.com/@joolieannie/video/7358498027901947179,22.6K,@joolieannie
https://www.tiktok.com/@joolieannie/video/7357892701741780266,2.7M,@joolieannie
https://www.tiktok.com/@joolieannie/video/7357797478705417514,31.4K,@joolieannie
https://www.tiktok.com/@joolieannie/photo/7357022220377541930,48K,@joolieannie
https://www.tiktok.com/@joolieannie/video/7356933034391637291,85.9K,@joolieannie
https://www.tiktok.com/@joolieannie/video/7356796977163652395,13.9K,@joolieannie
https://www.tiktok.com/@joolieannie/photo/7356785194432531758,14K,@joolieannie
https://www.tiktok.com/@joolieannie/video/7356777066479635755,17.3K,@joolieannie
https://www.tiktok.com/@joolieannie/video/7356775907488517419,34.2K,@joolieannie
https://www.tiktok.com/@joolieannie/video/7356775151025016110,8753,@joolieannie
https://www.tiktok.com/@joolieannie/video/7356752075474128170,19.3K,@joolieannie
https://www.tiktok.com/@joolieannie/video/7356741895445286187,10.4K,@joolieannie
https://www.tiktok.com/@joolieannie/video/7356740363958209835,12.5K,@joolieannie
https://www.tiktok.com/@joolieannie/video/7356728499249483050,134.4K,@joolieannie
https://www.tiktok.com/@joolieannie/video/7356724266001239339,23.9K,@joolieannie
https://www.tiktok.com/@joolieannie/video/7356723661652479278,23.1K,@joolieannie
https://www.tiktok.com/@joolieannie/video/7356053796990061867,33.2K,@joolieannie
https://www.tiktok.com/@joolieannie/video/7356031972378021166,29.7K,@joolieannie
https://www.tiktok.com/@joolieannie/video/7355927622603443502,31.7K,@joolieannie
https://www.tiktok.com/@joolieannie/video/7355917751480913198,47K,@joolieannie
https://www.tiktok.com/@joolieannie/video/7355687876308340011,13.9K,@joolieannie
https://www.tiktok.com/@joolieannie/video/7355683813999070507,14.2K,@joolieannie
https://www.tiktok.com/@joolieannie/video/7355676648278166830,18.7K,@joolieannie
https://www.tiktok.com/@joolieannie/video/7355669081695046954,63.1K,@joolieannie
https://www.tiktok.com/@joolieannie/video/7355668151486516523,22.3K,@joolieannie
https://www.tiktok.com/@joolieannie/video/7355659529750727979,8431,@joolieannie
https://www.tiktok.com/@joolieannie/video/7355656599945596206,3673,@joolieannie
https://www.tiktok.com/@joolieannie/video/7355653137291627819,5912,@joolieannie
https://www.tiktok.com/@joolieannie/video/7355651267731229998,3405,@joolieannie
https://www.tiktok.com/@joolieannie/video/7355626629647060267,9755,@joolieannie
https://www.tiktok.com/@joolieannie/video/7355342006538882346,9639,@joolieannie
https://www.tiktok.com/@joolieannie/video/7355337568185027883,109.1K,@joolieannie
https://www.tiktok.com/@joolieannie/video/7355334749759655214,22.1K,@joolieannie
https://www.tiktok.com/@joolieannie/video/7355273755335298350,9976,@joolieannie
https://www.tiktok.com/@joolieannie/video/7355264395401760042,55.3K,@joolieannie
https://www.tiktok.com/@joolieannie/video/7355257163624860971,10.1K,@joolieannie
https://www.tiktok.com/@joolieannie/video/7355254264618323242,3.9M,@joolieannie
https://www.tiktok.com/@joolieannie/video/7355250227953061162,49.1K,@joolieannie
https://www.tiktok.com/@joolieannie/photo/7355243574314896686,25K,@joolieannie
https://www.tiktok.com/@joolieannie/video/7355239745770933550,29.1K,@joolieannie
https://www.tiktok.com/@joolieannie/video/7355232423245827370,30.4K,@joolieannie
https://www.tiktok.com/@joolieannie/video/7355218341071424811,5396,@joolieannie
https://www.tiktok.com/@joolieannie/photo/7355217149972974891,4075,@joolieannie
https://www.tiktok.com/@joolieannie/video/7355215799512059182,11.6K,@joolieannie
https://www.tiktok.com/@joolieannie/video/7355213723486784810,4919,@joolieannie
https://www.tiktok.com/@joolieannie/video/7355209094057282859,3690,@joolieannie
https://www.tiktok.com/@joolieannie/video/7355208417096568106,16.7K,@joolieannie
https://www.tiktok.com/@joolieannie/video/7355207989260815662,3515,@joolieannie
https://www.tiktok.com/@joolieannie/video/7355191377887513898,3671,@joolieannie
https://www.tiktok.com/@joolieannie/video/7355159672183065902,34.4K,@joolieannie
https://www.tiktok.com/@joolieannie/video/7355149411904802091,109.9K,@joolieannie
https://www.tiktok.com/@joolieannie/video/7354897798380162346,29.3K,@joolieannie
https://www.tiktok.com/@joolieannie/video/7354894279510084906,205.6K,@joolieannie
https://www.tiktok.com/@joolieannie/video/7354882658930822442,21.2K,@joolieannie
https://www.tiktok.com/@joolieannie/video/7354876125484715310,4441,@joolieannie
https://www.tiktok.com/@joolieannie/video/7354875268177071403,11.1K,@joolieannie
https://www.tiktok.com/@joolieannie/video/7354873040762703150,10.6K,@joolieannie
https://www.tiktok.com/@joolieannie/video/7354868825797528878,36.4K,@joolieannie
https://www.tiktok.com/@joolieannie/video/7354867380385828139,10.9K,@joolieannie
https://www.tiktok.com/@joolieannie/video/7354574069930642734,37.1K,@joolieannie
https://www.tiktok.com/@joolieannie/video/7354565492562218286,150.2K,@joolieannie
https://www.tiktok.com/@joolieannie/video/7354414899893734699,5366,@joolieannie
https://www.tiktok.com/@joolieannie/video/7354178957379505450,8633,@joolieannie
https://www.tiktok.com/@joolieannie/video/7354174899986140462,6768,@joolieannie
https://www.tiktok.com/@joolieannie/photo/7353678865635626283,45.1K,@joolieannie
https://www.tiktok.com/@joolieannie/video/7353669862142545194,777K,@joolieannie
https://www.tiktok.com/@joolieannie/photo/7353352624164441387,27.5K,@joolieannie
