file_name,transcript
../output/demure/7399736793119247662.mp4," Qué healed Re Balance para meditzar ha climbs muy bien, finde, conclusion Yo no contaba debate con como ver con un grupo poo Necesitas como un clon увидеть riktas Yo no lo tengo mucho con mucha cola a Maryificialmente creo, lo que ogró el Truesaicht Freddyirmi moralmente si loces, los son nervios. ¿Que doy eso no tiene que ver? Se uno de los pobles a mil Очas y todo. ¿Y ese software augmentado saldría? domestico. Así como uno con una dia manipulate. Es para valorar algo alLY, lo que un Raz book, pero loстаточно es algo lo que tambien no signaling todo lo mismo, zeker no es lo you doy lo you doy lo you doy lo you doy le doy lo you te do. No, nada. ¿�si? Eso es lo mejor imagine. ¿hongaste un verdadero sur? Y que están cyanés que оказan los superвоos? ¿Qué claiming? J quite señor, una mathematics. ¿yt تعpflichta mol Hollywood?"
../output/demure/7425252333770018090.mp4," Ok.我們eremos un anas a hablar about these wigs. Voy a Nicklessness del mujer Max waren por 10 años adecu이�ido por ahora. Actually, lo que hace es que el Brandon wag hatte belleza pordire los allergyțos. Si es un nog Mai de凍ro hayatamente, Nick sche de la fiesta fecha no es pasoba de frente a ella. Ok, no, elADor delaturesude por mi polish, para cómo su aviónApplauseoma y cómo se tiene. Obviamente a los que hayan hecho para que supeople oliveske esto mismo. Nosotros vamos a examineir alguna base de $1,500, Y luego salen el coste de loxide portáculos contempl denk que los materiales worried över abbiamo manages debime vraiment Tiger El tema lo que preocupa es que disentes son vidrios En fin de su saat, hubo estimate que como tampoco trackerás muchas矽 m series No me rationales Dic jamais mis哉c variantes y la pèches con una ventana Bunu latx label 떡lamar porhorse esta es muy久 Basta haircut H death La fea es la taxi tienes G girl Asive acabas un lochko de grinder los nothinges de para que me meten96 Le 손ita y perdónортimo He estado llevando mas deließvenlando delulations a mi agradecidas Como characters tan bien pero cach二 felices y los frONs pero yoHANNEL a lo que! pero yo suggestiones algo bonito por unופido de Contra Karenely Unido de T충 dla una categoría de tonar voy a de nerio la links en y monk"
../output/demure/7424994658423541034.mp4," ¿Se hace dubota de una fondad? ¿ου tal conpl movedón? Y, sí mijo, a stubomas a una fondad una fondad, ¿ยos behavior...? ¿Qué? ¿PRINGIDOS DE EXECLOCES? No�rifo hastairen. De banking... ... N şi jos pestiz... ..."
../output/demure/7424650065811164459.mp4, secondary
../output/demure/7425288919949856043.mp4," que iréado por ser algo de sus 느낌이, pero por lo joking wtf woto me parece que warranty es kommer masbers por lo menos, muy aiful woto rarechn reconciliation m thereafter % remedy por lo menos que me he το dejado el ушel deFE... ¡No me etc! Ay, como vas sacando los amigos ronos?has d beginning solder hasta 5 mil y es fuckinado Y no solo duro, no sé, es como la marc love o hatred, pero no pompовать, no aun pasaron. Eso es la Engine ideal. Han habierto que kunnen saber quemalities. Nos roughlyiktos consumimos un poco suiviendo visión para que un tutti pasaron, ¿ what? ¿No me flipped para la pon tekianas? Y Bal polynomial, lo que me estaba viendo llegó para si todo me dewa. Yo me teníaぶ alguien, me debo ha caer. Voy un poco y eh! Es que es la τι que me me yards en monitors. Lo explico, mire Library现在 en mi Esquerra. Es<|es|> un sentidoakte y me gusta la representación de Northeast Te dejorah al Bergano Ichiiii! ¡No lo apologise en vuro!"
../output/demure/7425646819679489323.mp4, Diva es esta vez. Yo me voy a abrir a mi familia. Estaba afilio. ¿Dónde es el botega? El botega pineapple. El botega pineapple. El botega pineapple. El botega... Yo no me he visto de la gente de los sprinteros. ¿Qué pasa?
../output/demure/7425705418330098990.mp4,"stoff Brian que uno de OMGIRE a insulation, perlu a jeu y eso就可以… que si nozzoo en fin ese olvido que letting hoy"
../output/demure/7425002016633589034.mp4," En cuenta siguen rayinando munizos sus seguidos en la reinstкodias. Complicen que lo mismo, más cerca el ufloches durante las ventas, lo mismo es que, por ejemplo, son muy especialos y recibas insegisiones que a planes seứcsten de resp Comedy. Es una cosa la que decir que los agujeras que me potencialmente no cuando se permiten su gusto. Porque en la destes Schedition de la Redeμέa nos diamen a la bodellosa Zeitigrá. Loıkt por la casera"
../output/demure/7425240427030187306.mp4," Yo, es literalmente el 8 a.m. Aquí es mi gramo."
../output/demure/7425306293633633579.mp4,ать la otra lleno me parece alguien loетre se veras que es solo prendre las cosas bueno ahora ¡ fid Scott!
